1.000000000000000000e+04,7.507595000000000027e+02,0.000000000000000000e+00
1.000100000000000000e+04,6.714188000000000329e+02,0.000000000000000000e+00
1.000200000000000000e+04,6.667423000000000002e+02,0.000000000000000000e+00
1.000400000000000000e+04,7.716464999999999463e+02,2.000000000000000042e-02
1.000500000000000000e+04,7.394755999999999858e+02,0.000000000000000000e+00
1.000600000000000000e+04,5.191390999999999849e+02,0.000000000000000000e+00
1.000700000000000000e+04,8.904787999999999784e+02,2.999999999999999889e-02
1.000800000000000000e+04,1.309892299999999977e+03,5.999999999999999778e-02
1.000900000000000000e+04,6.147551999999999452e+02,0.000000000000000000e+00
1.001000000000000000e+04,6.944719000000000051e+02,2.000000000000000042e-02
1.001100000000000000e+04,5.749474999999999909e+02,0.000000000000000000e+00
1.001200000000000000e+04,6.209964999999999691e+02,0.000000000000000000e+00
1.001300000000000000e+04,7.181580000000000155e+02,2.000000000000000042e-02
1.001400000000000000e+04,6.129366999999999734e+02,0.000000000000000000e+00
1.001600000000000000e+04,7.532068000000000438e+02,0.000000000000000000e+00
1.001700000000000000e+04,6.568450000000000273e+02,0.000000000000000000e+00
1.001800000000000000e+04,1.181919699999999921e+03,2.000000000000000042e-02
1.001900000000000000e+04,6.119805999999999813e+02,1.000000000000000021e-02
1.002000000000000000e+04,7.216417000000000144e+02,1.000000000000000021e-02
1.002100000000000000e+04,6.738787999999999556e+02,1.000000000000000021e-02
1.002200000000000000e+04,6.939616999999999507e+02,2.000000000000000042e-02
1.002400000000000000e+04,6.758150000000000546e+02,1.000000000000000021e-02
1.002500000000000000e+04,6.574627000000000407e+02,1.000000000000000021e-02
1.002600000000000000e+04,5.841961999999999762e+02,0.000000000000000000e+00
1.002700000000000000e+04,7.319723000000000184e+02,1.000000000000000021e-02
1.002800000000000000e+04,9.408812000000000353e+02,0.000000000000000000e+00
1.002900000000000000e+04,5.682287999999999784e+02,1.000000000000000021e-02
1.003000000000000000e+04,7.537073000000000320e+02,0.000000000000000000e+00
1.003200000000000000e+04,7.661497000000000526e+02,1.000000000000000021e-02
1.003300000000000000e+04,8.669022999999999683e+02,1.900000000000000022e-01
1.003400000000000000e+04,6.380018000000000029e+02,0.000000000000000000e+00
1.003500000000000000e+04,7.523618999999999915e+02,1.000000000000000021e-02
1.003600000000000000e+04,6.751277000000000044e+02,1.000000000000000021e-02
1.003700000000000000e+04,6.730257000000000289e+02,2.000000000000000042e-02
1.003800000000000000e+04,7.332459000000000060e+02,2.000000000000000042e-02
1.003900000000000000e+04,6.483318000000000438e+02,0.000000000000000000e+00
1.004000000000000000e+04,6.649379999999999882e+02,0.000000000000000000e+00
1.004100000000000000e+04,7.054488999999999805e+02,0.000000000000000000e+00
1.004300000000000000e+04,8.728964999999999463e+02,2.999999999999999889e-02
1.004400000000000000e+04,7.968544000000000551e+02,1.000000000000000021e-02
1.004500000000000000e+04,7.669293999999999869e+02,1.000000000000000021e-02
1.004600000000000000e+04,6.036399999999999864e+02,0.000000000000000000e+00
1.004700000000000000e+04,6.532557000000000471e+02,0.000000000000000000e+00
1.004800000000000000e+04,5.002459999999999809e+02,0.000000000000000000e+00
1.004900000000000000e+04,6.699325999999999794e+02,1.000000000000000021e-02
1.005100000000000000e+04,8.763764999999999645e+02,2.000000000000000042e-02
1.005200000000000000e+04,9.418848000000000411e+02,1.000000000000000021e-02
1.005300000000000000e+04,6.257581999999999880e+02,0.000000000000000000e+00
1.005400000000000000e+04,6.763306999999999789e+02,1.000000000000000021e-02
1.005500000000000000e+04,5.513508000000000493e+02,0.000000000000000000e+00
1.005600000000000000e+04,5.325307000000000244e+02,0.000000000000000000e+00
1.005700000000000000e+04,7.082696999999999434e+02,0.000000000000000000e+00
1.005800000000000000e+04,5.831547000000000480e+02,0.000000000000000000e+00
1.005900000000000000e+04,5.250797999999999774e+02,0.000000000000000000e+00
1.006000000000000000e+04,5.579077999999999520e+02,0.000000000000000000e+00
1.006200000000000000e+04,1.134663500000000113e+03,4.000000000000000083e-02
1.006300000000000000e+04,1.417828099999999949e+03,0.000000000000000000e+00
1.006400000000000000e+04,7.099749000000000478e+02,1.000000000000000021e-02
1.006500000000000000e+04,9.293215000000000146e+02,5.999999999999999778e-02
1.006600000000000000e+04,5.557899999999999636e+02,0.000000000000000000e+00
1.006700000000000000e+04,7.444133000000000493e+02,2.000000000000000042e-02
1.006800000000000000e+04,7.565111000000000558e+02,1.000000000000000021e-02
1.006900000000000000e+04,6.081240000000000236e+02,0.000000000000000000e+00
1.007000000000000000e+04,8.359983999999999469e+02,1.000000000000000021e-02
1.007100000000000000e+04,6.386488000000000511e+02,0.000000000000000000e+00
1.007300000000000000e+04,7.723161999999999807e+02,2.000000000000000042e-02
1.007400000000000000e+04,6.859642000000000053e+02,1.000000000000000021e-02
1.007500000000000000e+04,5.927826000000000022e+02,0.000000000000000000e+00
1.007700000000000000e+04,1.260292099999999891e+03,1.000000000000000021e-02
1.007800000000000000e+04,1.031513699999999972e+03,5.000000000000000278e-02
1.007900000000000000e+04,1.002000099999999975e+03,2.999999999999999889e-02
1.008000000000000000e+04,9.429530999999999494e+02,2.000000000000000042e-02
1.008100000000000000e+04,5.919646999999999935e+02,0.000000000000000000e+00
1.008200000000000000e+04,8.252109000000000378e+02,2.999999999999999889e-02
1.008300000000000000e+04,9.997110000000000127e+02,7.000000000000000666e-02
1.008400000000000000e+04,5.888369999999999891e+02,0.000000000000000000e+00
1.008500000000000000e+04,6.865543000000000120e+02,0.000000000000000000e+00
1.008700000000000000e+04,1.417325599999999895e+03,0.000000000000000000e+00
1.008800000000000000e+04,8.203188999999999851e+02,2.999999999999999889e-02
1.008900000000000000e+04,8.081748999999999796e+02,2.999999999999999889e-02
1.009000000000000000e+04,9.435256000000000540e+02,2.000000000000000042e-02
1.009100000000000000e+04,7.695042999999999438e+02,2.000000000000000042e-02
1.009300000000000000e+04,8.894697999999999638e+02,1.000000000000000021e-02
1.009400000000000000e+04,1.067289099999999962e+03,2.999999999999999889e-02
1.009500000000000000e+04,1.260960000000000036e+03,1.000000000000000021e-02
1.009600000000000000e+04,1.030964500000000044e+03,5.000000000000000278e-02
1.009700000000000000e+04,6.889850000000000136e+02,1.000000000000000021e-02
1.009800000000000000e+04,5.968375999999999522e+02,0.000000000000000000e+00
1.009900000000000000e+04,7.542931999999999562e+02,2.000000000000000042e-02
1.010000000000000000e+04,6.200045999999999822e+02,0.000000000000000000e+00
1.010100000000000000e+04,5.544656999999999698e+02,0.000000000000000000e+00
1.010300000000000000e+04,1.099777199999999993e+03,2.000000000000000042e-02
1.010400000000000000e+04,5.504752999999999474e+02,0.000000000000000000e+00
1.010500000000000000e+04,1.168664600000000064e+03,2.000000000000000042e-02
1.010600000000000000e+04,7.093546999999999798e+02,1.000000000000000021e-02
1.010700000000000000e+04,6.514397999999999911e+02,1.000000000000000021e-02
1.010800000000000000e+04,5.902971999999999753e+02,0.000000000000000000e+00
1.011000000000000000e+04,7.280317000000000007e+02,2.000000000000000042e-02
1.011100000000000000e+04,5.866769000000000460e+02,0.000000000000000000e+00
1.011200000000000000e+04,6.099040999999999713e+02,0.000000000000000000e+00
1.011300000000000000e+04,5.495802999999999656e+02,0.000000000000000000e+00
1.011500000000000000e+04,7.175022999999999911e+02,1.000000000000000021e-02
1.011600000000000000e+04,6.524805999999999813e+02,1.000000000000000021e-02
1.011700000000000000e+04,5.489939000000000533e+02,0.000000000000000000e+00
1.011800000000000000e+04,6.639723000000000184e+02,1.000000000000000021e-02
1.011900000000000000e+04,7.286300999999999704e+02,2.000000000000000042e-02
1.012000000000000000e+04,6.488491999999999962e+02,0.000000000000000000e+00
1.012100000000000000e+04,6.951547000000000480e+02,1.000000000000000021e-02
1.012300000000000000e+04,1.058849500000000035e+03,4.799999999999999822e-01
1.012400000000000000e+04,1.234820099999999911e+03,9.100000000000000311e-01
1.012500000000000000e+04,5.822831999999999653e+02,0.000000000000000000e+00
1.012600000000000000e+04,1.168158799999999928e+03,2.000000000000000042e-02
1.012700000000000000e+04,1.051709200000000010e+03,1.000000000000000021e-02
1.012800000000000000e+04,5.597703999999999951e+02,0.000000000000000000e+00
1.012900000000000000e+04,9.201506000000000540e+02,5.000000000000000278e-02
1.013000000000000000e+04,6.251658999999999651e+02,0.000000000000000000e+00
1.013100000000000000e+04,1.001426500000000033e+03,4.000000000000000083e-02
1.013200000000000000e+04,8.258378000000000156e+02,2.000000000000000042e-02
1.013300000000000000e+04,5.872432999999999765e+02,0.000000000000000000e+00
1.013500000000000000e+04,1.088002799999999979e+03,5.999999999999999778e-01
1.013600000000000000e+04,6.883094999999999573e+02,1.000000000000000021e-02
1.013700000000000000e+04,6.854455000000000382e+02,0.000000000000000000e+00
1.013800000000000000e+04,7.367679000000000542e+02,1.000000000000000021e-02
1.013900000000000000e+04,5.563727000000000089e+02,0.000000000000000000e+00
1.014100000000000000e+04,1.118773999999999887e+03,2.000000000000000042e-02
1.014200000000000000e+04,1.258491299999999910e+03,2.000000000000000042e-02
1.014300000000000000e+04,1.058277100000000019e+03,5.100000000000000089e-01
1.014400000000000000e+04,9.157270999999999503e+02,4.000000000000000083e-02
1.014500000000000000e+04,9.264950999999999794e+02,3.099999999999999978e-01
1.014600000000000000e+04,1.437996699999999919e+03,0.000000000000000000e+00
1.014700000000000000e+04,5.735004000000000133e+02,0.000000000000000000e+00
1.014800000000000000e+04,7.749230000000000018e+02,2.000000000000000042e-02
1.014900000000000000e+04,5.386625000000000227e+02,0.000000000000000000e+00
1.015000000000000000e+04,7.701488000000000511e+02,4.000000000000000083e-02
1.015100000000000000e+04,6.611575000000000273e+02,2.000000000000000042e-02
1.015200000000000000e+04,7.021669000000000551e+02,1.000000000000000021e-02
1.015300000000000000e+04,8.072936999999999443e+02,2.000000000000000042e-02
1.015500000000000000e+04,1.007197400000000016e+03,5.999999999999999778e-02
1.015600000000000000e+04,8.275036999999999807e+02,2.999999999999999889e-02
1.015700000000000000e+04,5.998147000000000162e+02,0.000000000000000000e+00
1.015800000000000000e+04,7.292622000000000071e+02,2.000000000000000042e-02
1.015900000000000000e+04,1.002573800000000006e+03,4.000000000000000083e-02
1.016000000000000000e+04,7.257731999999999744e+02,1.000000000000000021e-02
1.016100000000000000e+04,1.481987100000000055e+03,1.199999999999999956e-01
1.016200000000000000e+04,1.059424700000000030e+03,5.100000000000000089e-01
1.016300000000000000e+04,1.233989299999999957e+03,9.100000000000000311e-01
1.016400000000000000e+04,7.145239000000000260e+02,1.000000000000000021e-02
1.016500000000000000e+04,6.030327999999999520e+02,0.000000000000000000e+00
1.016700000000000000e+04,1.022262600000000020e+03,7.000000000000000666e-02
1.016800000000000000e+04,9.269951999999999543e+02,3.099999999999999978e-01
1.016900000000000000e+04,7.347531000000000176e+02,1.000000000000000021e-02
1.017000000000000000e+04,1.235828899999999976e+03,9.200000000000000400e-01
1.017100000000000000e+04,7.164514000000000351e+02,1.000000000000000021e-02
1.017200000000000000e+04,8.606695999999999458e+02,2.000000000000000042e-02
1.017300000000000000e+04,9.194814000000000078e+02,5.000000000000000278e-02
1.017400000000000000e+04,7.742376000000000431e+02,2.000000000000000042e-02
1.017500000000000000e+04,1.362178100000000086e+03,1.199999999999999956e-01
1.017600000000000000e+04,7.268242999999999938e+02,1.000000000000000021e-02
1.017700000000000000e+04,7.986798999999999751e+02,1.000000000000000021e-02
1.017800000000000000e+04,8.091494999999999891e+02,5.999999999999999778e-02
1.017900000000000000e+04,5.729796000000000049e+02,0.000000000000000000e+00
1.018100000000000000e+04,6.310947999999999638e+02,1.000000000000000021e-02
1.018200000000000000e+04,1.006596599999999967e+03,5.999999999999999778e-02
1.018300000000000000e+04,7.311168000000000120e+02,2.000000000000000042e-02
1.018400000000000000e+04,7.736642000000000507e+02,2.000000000000000042e-02
1.018500000000000000e+04,9.151793999999999869e+02,4.000000000000000083e-02
1.018600000000000000e+04,5.861548999999999978e+02,0.000000000000000000e+00
1.018700000000000000e+04,9.259844000000000506e+02,3.099999999999999978e-01
1.018800000000000000e+04,7.088029000000000224e+02,1.000000000000000021e-02
1.018900000000000000e+04,7.460792000000000144e+02,2.999999999999999889e-02
1.019000000000000000e+04,7.754629999999999654e+02,2.999999999999999889e-02
1.019100000000000000e+04,5.040124999999999886e+02,0.000000000000000000e+00
1.019200000000000000e+04,1.481187300000000050e+03,1.300000000000000044e-01
1.019300000000000000e+04,6.243962000000000216e+02,0.000000000000000000e+00
1.019500000000000000e+04,8.395824999999999818e+02,5.999999999999999778e-02
1.019600000000000000e+04,8.302155000000000200e+02,5.999999999999999778e-02
1.019700000000000000e+04,9.212011999999999716e+02,4.000000000000000083e-02
1.019800000000000000e+04,7.646626999999999725e+02,1.000000000000000021e-02
1.019900000000000000e+04,6.873434999999999491e+02,0.000000000000000000e+00
1.020000000000000000e+04,5.607947000000000344e+02,0.000000000000000000e+00
1.020100000000000000e+04,5.625244999999999891e+02,0.000000000000000000e+00
1.020200000000000000e+04,1.007699299999999994e+03,5.999999999999999778e-02
1.020300000000000000e+04,5.421390000000000100e+02,0.000000000000000000e+00
1.020400000000000000e+04,6.770484999999999900e+02,1.000000000000000021e-02
1.020500000000000000e+04,5.356834000000000060e+02,0.000000000000000000e+00
1.020700000000000000e+04,1.037698100000000068e+03,3.300000000000000155e-01
1.020800000000000000e+04,7.208755999999999631e+02,1.000000000000000021e-02
1.020900000000000000e+04,1.851731399999999894e+03,2.999999999999999889e-02
1.021000000000000000e+04,5.779063999999999623e+02,0.000000000000000000e+00
1.021100000000000000e+04,6.181458000000000084e+02,0.000000000000000000e+00
1.021200000000000000e+04,5.762758000000000038e+02,0.000000000000000000e+00
1.021300000000000000e+04,6.966160999999999603e+02,2.000000000000000042e-02
1.021400000000000000e+04,5.265793999999999642e+02,0.000000000000000000e+00
1.021500000000000000e+04,6.406458000000000084e+02,1.000000000000000021e-02
1.021600000000000000e+04,5.177912999999999784e+02,0.000000000000000000e+00
1.021800000000000000e+04,7.653161999999999807e+02,2.999999999999999889e-02
1.021900000000000000e+04,7.760004000000000133e+02,5.000000000000000278e-02
1.022000000000000000e+04,1.482590799999999945e+03,1.300000000000000044e-01
1.022100000000000000e+04,8.233354000000000497e+02,1.300000000000000044e-01
1.022200000000000000e+04,1.037115399999999909e+03,3.699999999999999956e-01
1.022300000000000000e+04,6.985408999999999651e+02,1.000000000000000021e-02
1.022400000000000000e+04,9.217775000000000318e+02,2.999999999999999889e-02
1.022500000000000000e+04,7.823609000000000151e+02,1.000000000000000021e-02
1.022600000000000000e+04,6.596345999999999776e+02,1.000000000000000021e-02
1.022700000000000000e+04,8.401398000000000366e+02,5.000000000000000278e-02
1.022800000000000000e+04,7.158374000000000024e+02,1.000000000000000021e-02
1.022900000000000000e+04,8.108853000000000293e+02,2.000000000000000042e-02
1.023000000000000000e+04,5.702794000000000096e+02,0.000000000000000000e+00
1.023100000000000000e+04,8.056660000000000537e+02,4.000000000000000083e-02
1.023300000000000000e+04,1.038416899999999941e+03,3.499999999999999778e-01
1.023400000000000000e+04,8.214172999999999547e+02,5.000000000000000278e-02
1.023500000000000000e+04,7.925603999999999587e+02,1.000000000000000021e-02
1.023600000000000000e+04,6.971946000000000367e+02,1.000000000000000021e-02
1.023700000000000000e+04,7.374246000000000549e+02,1.000000000000000021e-02
1.023800000000000000e+04,7.873621000000000549e+02,2.000000000000000042e-02
1.023900000000000000e+04,6.316195000000000164e+02,1.000000000000000021e-02
1.024000000000000000e+04,6.785144999999999982e+02,1.000000000000000021e-02
1.024100000000000000e+04,5.380845000000000482e+02,0.000000000000000000e+00
1.024300000000000000e+04,9.082381000000000313e+02,2.600000000000000089e-01
1.024400000000000000e+04,1.210646500000000060e+03,1.000000000000000000e+00
1.024500000000000000e+04,8.390802999999999656e+02,4.000000000000000083e-02
1.024600000000000000e+04,8.294948000000000548e+02,5.999999999999999778e-02
1.024800000000000000e+04,8.188079000000000178e+02,2.999999999999999889e-02
1.024900000000000000e+04,6.153458000000000538e+02,0.000000000000000000e+00
1.025000000000000000e+04,8.335370000000000346e+02,2.999999999999999889e-02
1.025100000000000000e+04,1.071546000000000049e+03,2.000000000000000042e-02
1.025200000000000000e+04,1.074401100000000042e+03,8.999999999999999667e-02
1.025300000000000000e+04,5.551326999999999998e+02,0.000000000000000000e+00
1.025400000000000000e+04,5.530701000000000249e+02,0.000000000000000000e+00
1.025500000000000000e+04,6.920562999999999647e+02,1.000000000000000021e-02
1.025600000000000000e+04,5.941906000000000176e+02,0.000000000000000000e+00
1.025700000000000000e+04,6.169646999999999935e+02,0.000000000000000000e+00
1.025800000000000000e+04,6.075380000000000109e+02,0.000000000000000000e+00
1.025900000000000000e+04,5.648407999999999447e+02,0.000000000000000000e+00
1.026100000000000000e+04,1.210145899999999983e+03,9.899999999999999911e-01
1.026200000000000000e+04,6.365143000000000484e+02,0.000000000000000000e+00
1.026300000000000000e+04,1.070973799999999983e+03,2.000000000000000042e-02
1.026400000000000000e+04,5.952848999999999933e+02,0.000000000000000000e+00
1.026500000000000000e+04,5.988463000000000420e+02,0.000000000000000000e+00
1.026700000000000000e+04,9.121141999999999825e+02,5.000000000000000278e-02
1.026800000000000000e+04,7.935590999999999440e+02,0.000000000000000000e+00
1.026900000000000000e+04,7.238727999999999838e+02,0.000000000000000000e+00
1.027000000000000000e+04,6.017797000000000480e+02,0.000000000000000000e+00
1.027100000000000000e+04,5.310182999999999538e+02,0.000000000000000000e+00
1.027200000000000000e+04,6.159795000000000300e+02,0.000000000000000000e+00
1.027300000000000000e+04,6.519633999999999787e+02,0.000000000000000000e+00
1.027400000000000000e+04,5.590584999999999809e+02,0.000000000000000000e+00
1.027600000000000000e+04,9.503076999999999543e+02,2.000000000000000042e-02
1.027700000000000000e+04,7.866186999999999898e+02,2.000000000000000042e-02
1.027800000000000000e+04,7.229429000000000087e+02,1.000000000000000021e-02
1.027900000000000000e+04,6.811464999999999463e+02,0.000000000000000000e+00
1.028000000000000000e+04,5.316453999999999951e+02,0.000000000000000000e+00
1.028100000000000000e+04,5.852957999999999856e+02,0.000000000000000000e+00
1.028200000000000000e+04,7.194076999999999771e+02,0.000000000000000000e+00
1.028300000000000000e+04,6.282169000000000096e+02,0.000000000000000000e+00
1.028400000000000000e+04,5.245172000000000025e+02,0.000000000000000000e+00
1.028500000000000000e+04,6.187578999999999496e+02,0.000000000000000000e+00
1.028600000000000000e+04,5.344112999999999829e+02,0.000000000000000000e+00
1.028700000000000000e+04,6.070203999999999951e+02,0.000000000000000000e+00
1.028800000000000000e+04,5.947037000000000262e+02,0.000000000000000000e+00
1.029000000000000000e+04,8.822868999999999460e+02,5.999999999999999778e-02
1.029100000000000000e+04,7.630911999999999580e+02,0.000000000000000000e+00
1.029200000000000000e+04,7.422866999999999962e+02,2.000000000000000042e-02
1.029300000000000000e+04,6.287309999999999945e+02,0.000000000000000000e+00
1.029400000000000000e+04,6.340548999999999751e+02,0.000000000000000000e+00
1.029500000000000000e+04,5.294229000000000269e+02,0.000000000000000000e+00
1.029600000000000000e+04,5.366970000000000027e+02,0.000000000000000000e+00
1.029800000000000000e+04,8.499163999999999533e+02,2.999999999999999889e-02
1.029900000000000000e+04,6.424080000000000155e+02,0.000000000000000000e+00
1.030000000000000000e+04,9.561565000000000509e+02,2.000000000000000042e-02
1.030100000000000000e+04,1.092604700000000093e+03,2.999999999999999889e-02
1.030200000000000000e+04,8.580431999999999562e+02,1.000000000000000021e-02
1.030300000000000000e+04,8.039565999999999804e+02,1.000000000000000021e-02
1.030400000000000000e+04,7.638677000000000135e+02,1.000000000000000021e-02
1.030500000000000000e+04,1.091073599999999942e+03,7.000000000000000666e-02
1.030600000000000000e+04,1.029081300000000056e+03,2.000000000000000042e-02
1.030700000000000000e+04,7.138692999999999529e+02,2.000000000000000042e-02
1.030800000000000000e+04,7.612208000000000538e+02,1.000000000000000021e-02
1.030900000000000000e+04,6.225652000000000044e+02,0.000000000000000000e+00
1.031000000000000000e+04,6.549501000000000204e+02,1.000000000000000021e-02
1.031100000000000000e+04,5.814348999999999705e+02,0.000000000000000000e+00
1.031300000000000000e+04,8.145213999999999714e+02,1.000000000000000021e-02
1.031400000000000000e+04,6.835379000000000360e+02,1.000000000000000021e-02
1.031500000000000000e+04,8.504750999999999976e+02,2.000000000000000042e-02
1.031600000000000000e+04,8.307899999999999636e+02,2.999999999999999889e-02
1.031700000000000000e+04,7.244660999999999831e+02,1.000000000000000021e-02
1.031800000000000000e+04,5.430982000000000198e+02,0.000000000000000000e+00
1.031900000000000000e+04,6.417868999999999460e+02,1.000000000000000021e-02
1.032000000000000000e+04,6.395782000000000380e+02,0.000000000000000000e+00
1.032200000000000000e+04,8.706200999999999794e+02,4.000000000000000083e-02
1.032300000000000000e+04,7.298764999999999645e+02,1.000000000000000021e-02
1.032400000000000000e+04,8.165130000000000337e+02,1.000000000000000021e-02
1.032500000000000000e+04,7.042576000000000249e+02,0.000000000000000000e+00
1.032600000000000000e+04,6.011522999999999683e+02,1.000000000000000021e-02
1.032700000000000000e+04,7.947848999999999933e+02,0.000000000000000000e+00
1.032800000000000000e+04,7.607047999999999774e+02,1.000000000000000021e-02
1.032900000000000000e+04,9.556520000000000437e+02,2.999999999999999889e-02
1.033000000000000000e+04,6.672725000000000364e+02,0.000000000000000000e+00
1.033100000000000000e+04,7.680398999999999887e+02,1.000000000000000021e-02
1.033300000000000000e+04,6.104932000000000016e+02,0.000000000000000000e+00
1.033400000000000000e+04,7.585783000000000129e+02,1.000000000000000021e-02
1.033500000000000000e+04,6.298967000000000098e+02,1.000000000000000021e-02
1.033600000000000000e+04,7.112925999999999931e+02,1.000000000000000021e-02
1.033700000000000000e+04,7.766263999999999896e+02,2.000000000000000042e-02
1.033800000000000000e+04,6.823106999999999971e+02,1.000000000000000021e-02
1.033900000000000000e+04,8.151992000000000189e+02,1.000000000000000021e-02
1.034000000000000000e+04,7.169978999999999587e+02,1.000000000000000021e-02
1.034200000000000000e+04,1.092078400000000101e+03,5.999999999999999778e-02
1.034300000000000000e+04,5.963228000000000293e+02,0.000000000000000000e+00
1.034400000000000000e+04,6.997210999999999785e+02,1.000000000000000021e-02
1.034500000000000000e+04,5.796453999999999951e+02,0.000000000000000000e+00
1.034600000000000000e+04,8.181939999999999600e+02,4.000000000000000083e-02
1.034700000000000000e+04,7.130311000000000377e+02,2.000000000000000042e-02
1.034800000000000000e+04,5.239705000000000155e+02,0.000000000000000000e+00
1.034900000000000000e+04,5.667902000000000271e+02,0.000000000000000000e+00
1.035000000000000000e+04,5.331168000000000120e+02,1.000000000000000021e-02
1.035200000000000000e+04,7.774977999999999838e+02,2.000000000000000042e-02
1.035300000000000000e+04,8.246974000000000160e+02,2.000000000000000042e-02
1.035400000000000000e+04,6.473590000000000373e+02,0.000000000000000000e+00
1.035500000000000000e+04,6.678799000000000206e+02,0.000000000000000000e+00
1.035600000000000000e+04,7.004537000000000262e+02,1.000000000000000021e-02
1.035800000000000000e+04,8.158535000000000537e+02,2.999999999999999889e-02
1.035900000000000000e+04,7.906788999999999987e+02,2.000000000000000042e-02
1.036000000000000000e+04,6.688478000000000065e+02,0.000000000000000000e+00
1.036100000000000000e+04,8.586110999999999649e+02,4.000000000000000083e-02
1.036200000000000000e+04,8.139760999999999740e+02,4.000000000000000083e-02
1.036300000000000000e+04,9.440516000000000076e+02,2.000000000000000042e-02
1.036400000000000000e+04,6.828826999999999998e+02,0.000000000000000000e+00
1.036500000000000000e+04,5.438089999999999691e+02,0.000000000000000000e+00
1.036600000000000000e+04,6.497598000000000411e+02,1.000000000000000021e-02
1.036700000000000000e+04,5.481743999999999915e+02,0.000000000000000000e+00
1.036800000000000000e+04,7.012129999999999654e+02,1.000000000000000021e-02
1.036900000000000000e+04,6.912699999999999818e+02,1.000000000000000021e-02
1.037000000000000000e+04,6.464541000000000395e+02,0.000000000000000000e+00
1.037200000000000000e+04,1.309287700000000086e+03,5.000000000000000278e-02
1.037300000000000000e+04,6.455744999999999436e+02,0.000000000000000000e+00
1.037400000000000000e+04,6.902865000000000464e+02,1.000000000000000021e-02
1.037500000000000000e+04,5.403843000000000529e+02,0.000000000000000000e+00
1.037600000000000000e+04,5.448201000000000249e+02,0.000000000000000000e+00
1.037700000000000000e+04,8.282397999999999456e+02,2.000000000000000042e-02
1.037800000000000000e+04,6.330816999999999553e+02,1.000000000000000021e-02
1.037900000000000000e+04,5.689307000000000016e+02,0.000000000000000000e+00
1.038000000000000000e+04,6.358035999999999603e+02,0.000000000000000000e+00
1.038100000000000000e+04,7.325229000000000497e+02,1.000000000000000021e-02
1.038200000000000000e+04,6.429229000000000269e+02,0.000000000000000000e+00
1.038300000000000000e+04,5.773727999999999838e+02,0.000000000000000000e+00
1.038500000000000000e+04,8.030028999999999542e+02,4.000000000000000083e-02
1.038600000000000000e+04,6.806041000000000167e+02,0.000000000000000000e+00
1.038700000000000000e+04,8.663306999999999789e+02,8.999999999999999667e-02
1.038800000000000000e+04,7.409554000000000542e+02,1.000000000000000021e-02
1.038900000000000000e+04,6.042945999999999458e+02,0.000000000000000000e+00
1.039100000000000000e+04,8.569478000000000293e+02,1.000000000000000021e-02
1.039200000000000000e+04,8.956461000000000467e+02,2.999999999999999889e-02
1.039300000000000000e+04,7.836932000000000471e+02,2.000000000000000042e-02
1.039400000000000000e+04,7.494776000000000522e+02,1.000000000000000021e-02
1.039500000000000000e+04,7.913241000000000440e+02,2.999999999999999889e-02
1.039600000000000000e+04,6.619542999999999893e+02,0.000000000000000000e+00
1.039700000000000000e+04,5.143999999999999773e+02,0.000000000000000000e+00
1.039800000000000000e+04,5.107431000000000267e+02,0.000000000000000000e+00
1.039900000000000000e+04,5.350114999999999554e+02,0.000000000000000000e+00
1.040100000000000000e+04,9.459365000000000236e+02,2.000000000000000042e-02
1.040200000000000000e+04,6.443106999999999971e+02,0.000000000000000000e+00
1.040300000000000000e+04,5.410234000000000378e+02,0.000000000000000000e+00
1.040400000000000000e+04,6.230802999999999656e+02,0.000000000000000000e+00
1.040600000000000000e+04,9.356376000000000204e+02,5.000000000000000278e-02
1.040700000000000000e+04,7.885315000000000509e+02,1.000000000000000021e-02
1.040800000000000000e+04,6.449948000000000548e+02,0.000000000000000000e+00
1.040900000000000000e+04,6.270335000000000036e+02,0.000000000000000000e+00
1.041000000000000000e+04,7.037070999999999685e+02,2.999999999999999889e-02
1.041200000000000000e+04,9.362097999999999729e+02,5.000000000000000278e-02
1.041300000000000000e+04,7.791014000000000124e+02,2.000000000000000042e-02
1.041400000000000000e+04,7.480040000000000191e+02,2.000000000000000042e-02
1.041500000000000000e+04,9.464394999999999527e+02,2.000000000000000042e-02
1.041700000000000000e+04,9.402201000000000022e+02,1.000000000000000021e-02
1.041800000000000000e+04,1.415577299999999923e+03,0.000000000000000000e+00
1.041900000000000000e+04,6.141185000000000400e+02,0.000000000000000000e+00
1.042000000000000000e+04,9.349391000000000531e+02,4.000000000000000083e-02
1.042100000000000000e+04,7.890348000000000184e+02,1.000000000000000021e-02
1.042200000000000000e+04,5.524915999999999485e+02,0.000000000000000000e+00
1.042300000000000000e+04,5.086619999999999777e+02,0.000000000000000000e+00
1.042400000000000000e+04,7.386259000000000015e+02,0.000000000000000000e+00
1.042500000000000000e+04,5.655520999999999958e+02,0.000000000000000000e+00
1.042600000000000000e+04,5.751153000000000475e+02,0.000000000000000000e+00
1.042800000000000000e+04,6.126173000000000002e+02,1.000000000000000021e-02
1.042900000000000000e+04,1.183047499999999900e+03,2.000000000000000042e-02
1.043000000000000000e+04,9.445539999999999736e+02,5.999999999999999778e-02
1.043100000000000000e+04,7.556149000000000342e+02,0.000000000000000000e+00
1.043200000000000000e+04,5.094551000000000158e+02,0.000000000000000000e+00
1.043300000000000000e+04,6.718850999999999658e+02,0.000000000000000000e+00
1.043400000000000000e+04,5.807604999999999791e+02,0.000000000000000000e+00
1.043500000000000000e+04,5.300679000000000087e+02,0.000000000000000000e+00
1.043700000000000000e+04,6.112444000000000415e+02,0.000000000000000000e+00
1.043800000000000000e+04,6.570674000000000206e+02,1.000000000000000021e-02
1.043900000000000000e+04,5.842418000000000120e+02,0.000000000000000000e+00
1.044100000000000000e+04,8.718203999999999496e+02,2.999999999999999889e-02
1.044200000000000000e+04,1.030151399999999967e+03,2.000000000000000042e-02
1.044300000000000000e+04,1.097412100000000009e+03,5.999999999999999778e-02
1.044400000000000000e+04,9.568046000000000504e+02,1.000000000000000056e-01
1.044500000000000000e+04,1.132765000000000100e+03,1.000000000000000021e-02
1.044600000000000000e+04,7.503093000000000075e+02,2.999999999999999889e-02
1.044700000000000000e+04,6.937007999999999583e+02,0.000000000000000000e+00
1.044800000000000000e+04,6.208962000000000216e+02,0.000000000000000000e+00
1.044900000000000000e+04,6.706608999999999696e+02,0.000000000000000000e+00
1.045100000000000000e+04,6.736734000000000151e+02,1.000000000000000021e-02
1.045200000000000000e+04,9.131852000000000089e+02,1.000000000000000021e-02
1.045300000000000000e+04,1.029605600000000095e+03,2.000000000000000042e-02
1.045400000000000000e+04,1.133265300000000025e+03,1.000000000000000021e-02
1.045500000000000000e+04,6.236774000000000342e+02,0.000000000000000000e+00
1.045600000000000000e+04,6.752794000000000096e+02,1.000000000000000021e-02
1.045700000000000000e+04,5.463945999999999685e+02,0.000000000000000000e+00
1.045800000000000000e+04,5.802301999999999680e+02,0.000000000000000000e+00
1.045900000000000000e+04,5.339095999999999549e+02,0.000000000000000000e+00
1.046000000000000000e+04,6.660907999999999447e+02,0.000000000000000000e+00
1.046200000000000000e+04,8.729172999999999547e+02,2.000000000000000042e-02
1.046300000000000000e+04,6.744605999999999995e+02,1.000000000000000021e-02
1.046400000000000000e+04,1.351046399999999949e+03,4.000000000000000083e-02
1.046500000000000000e+04,6.651561000000000377e+02,0.000000000000000000e+00
1.046700000000000000e+04,6.763863999999999805e+02,1.000000000000000021e-02
1.046800000000000000e+04,8.574942999999999529e+02,0.000000000000000000e+00
1.046900000000000000e+04,7.625326999999999771e+02,1.000000000000000021e-02
1.047000000000000000e+04,7.072993999999999915e+02,1.000000000000000021e-02
1.047100000000000000e+04,1.416704999999999927e+03,0.000000000000000000e+00
1.047200000000000000e+04,5.511711000000000240e+02,0.000000000000000000e+00
1.047300000000000000e+04,6.560886000000000422e+02,0.000000000000000000e+00
1.047500000000000000e+04,1.141606700000000046e+03,2.000000000000000042e-02
1.047600000000000000e+04,1.014762699999999995e+03,2.000000000000000042e-02
1.047700000000000000e+04,5.830910999999999831e+02,0.000000000000000000e+00
1.047800000000000000e+04,9.412173000000000229e+02,1.000000000000000021e-02
1.047900000000000000e+04,8.712807999999999993e+02,4.000000000000000083e-02
1.048000000000000000e+04,1.617946400000000040e+03,0.000000000000000000e+00
1.048100000000000000e+04,1.148166500000000042e+03,1.400000000000000133e-01
1.048200000000000000e+04,7.805823000000000320e+02,2.999999999999999889e-02
1.048300000000000000e+04,7.956146999999999707e+02,2.999999999999999889e-02
1.048400000000000000e+04,7.401099000000000387e+02,1.000000000000000021e-02
1.048500000000000000e+04,5.575077999999999747e+02,0.000000000000000000e+00
1.048600000000000000e+04,6.588784000000000560e+02,0.000000000000000000e+00
1.048800000000000000e+04,5.836617999999999711e+02,0.000000000000000000e+00
1.048900000000000000e+04,7.674752999999999474e+02,2.000000000000000042e-02
1.049000000000000000e+04,8.127046000000000276e+02,2.999999999999999889e-02
1.049100000000000000e+04,1.132262300000000096e+03,1.000000000000000021e-02
1.049200000000000000e+04,7.526686999999999443e+02,1.000000000000000021e-02
1.049300000000000000e+04,8.047593000000000529e+02,2.000000000000000042e-02
1.049400000000000000e+04,6.056938000000000102e+02,0.000000000000000000e+00
1.049500000000000000e+04,7.617401999999999589e+02,0.000000000000000000e+00
1.049600000000000000e+04,5.717599999999999909e+02,0.000000000000000000e+00
1.049700000000000000e+04,5.454242000000000417e+02,0.000000000000000000e+00
1.049900000000000000e+04,5.917129999999999654e+02,0.000000000000000000e+00
1.050000000000000000e+04,7.723130999999999631e+02,1.000000000000000021e-02
1.050100000000000000e+04,1.304407799999999952e+03,2.999999999999999889e-02
1.050200000000000000e+04,6.262952000000000226e+02,1.000000000000000021e-02
1.050300000000000000e+04,7.066207000000000562e+02,0.000000000000000000e+00
1.050400000000000000e+04,5.081616000000000213e+02,0.000000000000000000e+00
1.050500000000000000e+04,5.281268999999999778e+02,1.000000000000000021e-02
1.050600000000000000e+04,5.476539999999999964e+02,0.000000000000000000e+00
1.050700000000000000e+04,6.646444999999999936e+02,1.000000000000000021e-02
1.050900000000000000e+04,9.426378999999999451e+02,2.000000000000000042e-02
1.051000000000000000e+04,6.376245999999999867e+02,0.000000000000000000e+00
1.051100000000000000e+04,8.594888999999999442e+02,2.000000000000000042e-02
1.051200000000000000e+04,7.811091000000000122e+02,2.000000000000000042e-02
1.051300000000000000e+04,7.105249000000000024e+02,1.000000000000000021e-02
1.051400000000000000e+04,1.259519299999999930e+03,0.000000000000000000e+00
1.051500000000000000e+04,1.618519999999999982e+03,0.000000000000000000e+00
1.051600000000000000e+04,5.892772999999999683e+02,0.000000000000000000e+00
1.051700000000000000e+04,5.922133999999999787e+02,0.000000000000000000e+00
1.051900000000000000e+04,1.014204200000000014e+03,2.000000000000000042e-02
1.052000000000000000e+04,1.257956699999999955e+03,0.000000000000000000e+00
1.052100000000000000e+04,5.544035999999999831e+02,0.000000000000000000e+00
1.052200000000000000e+04,5.885001999999999498e+02,0.000000000000000000e+00
1.052300000000000000e+04,8.133889000000000351e+02,4.000000000000000083e-02
1.052400000000000000e+04,6.860045000000000073e+02,0.000000000000000000e+00
1.052500000000000000e+04,8.114767000000000507e+02,5.000000000000000278e-02
1.052600000000000000e+04,7.668049999999999500e+02,2.999999999999999889e-02
1.052800000000000000e+04,8.749899000000000342e+02,1.000000000000000021e-02
1.052900000000000000e+04,8.347682999999999538e+02,1.000000000000000021e-02
1.053000000000000000e+04,7.340271999999999935e+02,2.000000000000000042e-02
1.053100000000000000e+04,9.496536999999999580e+02,7.000000000000000666e-02
1.053200000000000000e+04,9.284931000000000267e+02,8.999999999999999667e-02
1.053300000000000000e+04,8.263682999999999765e+02,2.000000000000000042e-02
1.053400000000000000e+04,7.597267000000000507e+02,1.000000000000000021e-02
1.053500000000000000e+04,5.968374000000000024e+02,0.000000000000000000e+00
1.053600000000000000e+04,1.617372200000000021e+03,0.000000000000000000e+00
1.053700000000000000e+04,6.097928000000000566e+02,0.000000000000000000e+00
1.053900000000000000e+04,7.520854000000000497e+02,2.000000000000000042e-02
1.054000000000000000e+04,6.088926000000000158e+02,0.000000000000000000e+00
1.054100000000000000e+04,5.058874999999999886e+02,0.000000000000000000e+00
1.054200000000000000e+04,6.194047000000000480e+02,1.000000000000000021e-02
1.054300000000000000e+04,6.582798999999999978e+02,0.000000000000000000e+00
1.054500000000000000e+04,1.051039199999999937e+03,1.000000000000000021e-02
1.054600000000000000e+04,9.044972999999999956e+02,0.000000000000000000e+00
1.054700000000000000e+04,6.530208000000000084e+02,0.000000000000000000e+00
1.054800000000000000e+04,1.415076199999999972e+03,0.000000000000000000e+00
1.054900000000000000e+04,8.011092999999999620e+02,1.000000000000000021e-02
1.055000000000000000e+04,8.903926000000000158e+02,1.000000000000000021e-02
1.055100000000000000e+04,6.483735000000000355e+02,0.000000000000000000e+00
1.055200000000000000e+04,5.879955999999999676e+02,0.000000000000000000e+00
1.055300000000000000e+04,7.850288000000000466e+02,1.000000000000000021e-02
1.055400000000000000e+04,5.491135000000000446e+02,1.000000000000000021e-02
1.055500000000000000e+04,5.580866999999999507e+02,1.000000000000000021e-02
1.055600000000000000e+04,5.416060999999999694e+02,0.000000000000000000e+00
1.055800000000000000e+04,9.511660000000000537e+02,2.999999999999999889e-02
1.055900000000000000e+04,6.387653000000000247e+02,0.000000000000000000e+00
1.056000000000000000e+04,9.292866999999999962e+02,8.999999999999999667e-02
1.056100000000000000e+04,5.695140000000000100e+02,1.000000000000000021e-02
1.056200000000000000e+04,7.729732999999999947e+02,1.000000000000000021e-02
1.056300000000000000e+04,5.132880000000000109e+02,0.000000000000000000e+00
1.056400000000000000e+04,5.723668999999999869e+02,0.000000000000000000e+00
1.056600000000000000e+04,7.717267000000000507e+02,1.000000000000000021e-02
1.056700000000000000e+04,6.536149000000000342e+02,0.000000000000000000e+00
1.056800000000000000e+04,6.508814999999999600e+02,0.000000000000000000e+00
1.056900000000000000e+04,8.227599000000000160e+02,1.000000000000000021e-02
1.057000000000000000e+04,7.701512000000000171e+02,0.000000000000000000e+00
1.057200000000000000e+04,9.628034999999999854e+02,5.000000000000000278e-02
1.057300000000000000e+04,9.865443999999999960e+02,0.000000000000000000e+00
1.057400000000000000e+04,8.423333999999999833e+02,2.000000000000000042e-02
1.057500000000000000e+04,8.742802000000000362e+02,1.000000000000000021e-02
1.057600000000000000e+04,7.962069999999999936e+02,2.999999999999999889e-02
1.057700000000000000e+04,8.768167999999999438e+02,5.999999999999999778e-02
1.057800000000000000e+04,7.027609999999999673e+02,1.000000000000000021e-02
1.057900000000000000e+04,7.182862999999999829e+02,0.000000000000000000e+00
1.058000000000000000e+04,7.059803000000000566e+02,1.000000000000000021e-02
1.058100000000000000e+04,7.286413999999999760e+02,2.000000000000000042e-02
1.058200000000000000e+04,7.353372000000000526e+02,2.000000000000000042e-02
1.058300000000000000e+04,7.695732000000000426e+02,1.000000000000000021e-02
1.058400000000000000e+04,5.392346000000000004e+02,0.000000000000000000e+00
1.058600000000000000e+04,7.255728000000000293e+02,0.000000000000000000e+00
1.058700000000000000e+04,8.429545000000000528e+02,2.000000000000000042e-02
1.058800000000000000e+04,1.123271500000000060e+03,5.000000000000000278e-02
1.058900000000000000e+04,9.870901000000000067e+02,0.000000000000000000e+00
1.059000000000000000e+04,7.143768000000000029e+02,0.000000000000000000e+00
1.059100000000000000e+04,6.524985000000000355e+02,0.000000000000000000e+00
1.059300000000000000e+04,8.094759000000000242e+02,4.000000000000000083e-02
1.059400000000000000e+04,1.051594499999999925e+03,1.000000000000000021e-02
1.059500000000000000e+04,7.268849000000000160e+02,1.000000000000000021e-02
1.059600000000000000e+04,6.890467999999999620e+02,1.000000000000000021e-02
1.059700000000000000e+04,7.149113999999999578e+02,0.000000000000000000e+00
1.059800000000000000e+04,5.929564000000000306e+02,1.000000000000000021e-02
1.059900000000000000e+04,6.713202999999999747e+02,0.000000000000000000e+00
1.060000000000000000e+04,5.874942999999999529e+02,1.000000000000000021e-02
1.060200000000000000e+04,7.310298999999999978e+02,2.000000000000000042e-02
1.060300000000000000e+04,8.341851000000000340e+02,5.999999999999999778e-02
1.060400000000000000e+04,1.123773400000000038e+03,4.000000000000000083e-02
1.060500000000000000e+04,9.049999000000000251e+02,0.000000000000000000e+00
1.060600000000000000e+04,6.491207000000000562e+02,0.000000000000000000e+00
1.060700000000000000e+04,8.755891000000000304e+02,2.000000000000000042e-02
1.060900000000000000e+04,7.754281999999999471e+02,0.000000000000000000e+00
1.061000000000000000e+04,7.647414999999999736e+02,0.000000000000000000e+00
1.061100000000000000e+04,9.622320999999999458e+02,5.000000000000000278e-02
1.061200000000000000e+04,8.434604000000000497e+02,2.000000000000000042e-02
1.061300000000000000e+04,7.567640000000000100e+02,1.000000000000000021e-02
1.061400000000000000e+04,7.991515000000000555e+02,2.000000000000000042e-02
1.061500000000000000e+04,6.951318999999999733e+02,1.000000000000000021e-02
1.061600000000000000e+04,5.994845000000000255e+02,0.000000000000000000e+00
1.061700000000000000e+04,7.739053000000000111e+02,2.999999999999999889e-02
1.061800000000000000e+04,7.018425999999999476e+02,2.000000000000000042e-02
1.061900000000000000e+04,7.262584000000000515e+02,1.000000000000000021e-02
1.062100000000000000e+04,9.633772000000000162e+02,5.000000000000000278e-02
1.062200000000000000e+04,6.776900000000000546e+02,1.000000000000000021e-02
1.062300000000000000e+04,6.867251999999999725e+02,0.000000000000000000e+00
1.062400000000000000e+04,1.085195799999999963e+03,2.399999999999999911e-01
1.062500000000000000e+04,5.617296999999999798e+02,0.000000000000000000e+00
1.062600000000000000e+04,5.738427000000000362e+02,0.000000000000000000e+00
1.062700000000000000e+04,6.381725000000000136e+02,0.000000000000000000e+00
1.062800000000000000e+04,5.505832000000000335e+02,0.000000000000000000e+00
1.062900000000000000e+04,5.859255000000000564e+02,0.000000000000000000e+00
1.063000000000000000e+04,5.398024000000000342e+02,0.000000000000000000e+00
1.063200000000000000e+04,7.200520000000000209e+02,0.000000000000000000e+00
1.063300000000000000e+04,5.259125000000000227e+02,0.000000000000000000e+00
1.063400000000000000e+04,1.347725500000000011e+03,7.399999999999999911e-01
1.063500000000000000e+04,6.769930000000000518e+02,1.000000000000000021e-02
1.063600000000000000e+04,7.543971999999999980e+02,0.000000000000000000e+00
1.063700000000000000e+04,9.523341000000000349e+02,2.999999999999999889e-02
1.063800000000000000e+04,7.217571000000000367e+02,2.000000000000000042e-02
1.063900000000000000e+04,6.882664999999999509e+02,0.000000000000000000e+00
1.064000000000000000e+04,5.786797000000000253e+02,0.000000000000000000e+00
1.064100000000000000e+04,5.113647000000000276e+02,1.000000000000000021e-02
1.064200000000000000e+04,6.029451000000000249e+02,0.000000000000000000e+00
1.064300000000000000e+04,5.232436999999999898e+02,0.000000000000000000e+00
1.064500000000000000e+04,5.633686000000000149e+02,0.000000000000000000e+00
1.064600000000000000e+04,8.079732999999999947e+02,2.000000000000000042e-02
1.064700000000000000e+04,5.605634000000000015e+02,0.000000000000000000e+00
1.064800000000000000e+04,8.269332000000000562e+02,2.000000000000000042e-02
1.064900000000000000e+04,7.205742999999999938e+02,0.000000000000000000e+00
1.065100000000000000e+04,6.310267000000000053e+02,1.000000000000000021e-02
1.065200000000000000e+04,6.792150000000000318e+02,0.000000000000000000e+00
1.065300000000000000e+04,6.325619000000000369e+02,0.000000000000000000e+00
1.065400000000000000e+04,6.410435999999999694e+02,0.000000000000000000e+00
1.065500000000000000e+04,7.085116000000000440e+02,0.000000000000000000e+00
1.065600000000000000e+04,7.156888000000000147e+02,1.000000000000000021e-02
1.065700000000000000e+04,6.985222999999999729e+02,1.000000000000000021e-02
1.065800000000000000e+04,7.211853999999999587e+02,0.000000000000000000e+00
1.065900000000000000e+04,6.963432999999999993e+02,1.000000000000000021e-02
1.066000000000000000e+04,7.591313000000000102e+02,1.000000000000000021e-02
1.066100000000000000e+04,6.542672999999999774e+02,0.000000000000000000e+00
1.066200000000000000e+04,5.762060999999999922e+02,0.000000000000000000e+00
1.066400000000000000e+04,6.800493000000000166e+02,0.000000000000000000e+00
1.066500000000000000e+04,8.238672000000000253e+02,2.000000000000000042e-02
1.066600000000000000e+04,6.315606999999999971e+02,0.000000000000000000e+00
1.066700000000000000e+04,6.051308000000000220e+02,0.000000000000000000e+00
1.066800000000000000e+04,6.783773999999999660e+02,1.000000000000000021e-02
1.067000000000000000e+04,5.549669999999999845e+02,0.000000000000000000e+00
1.067100000000000000e+04,6.926359999999999673e+02,1.000000000000000021e-02
1.067200000000000000e+04,7.986281000000000176e+02,2.999999999999999889e-02
1.067300000000000000e+04,6.876594999999999800e+02,0.000000000000000000e+00
1.067500000000000000e+04,5.556752000000000180e+02,0.000000000000000000e+00
1.067600000000000000e+04,1.178049400000000105e+03,1.000000000000000021e-02
1.067700000000000000e+04,8.449017000000000053e+02,2.000000000000000042e-02
1.067800000000000000e+04,1.348330799999999954e+03,6.600000000000000311e-01
1.067900000000000000e+04,5.705996999999999844e+02,0.000000000000000000e+00
1.068000000000000000e+04,5.101245999999999867e+02,0.000000000000000000e+00
1.068200000000000000e+04,8.316123999999999796e+02,2.000000000000000042e-02
1.068300000000000000e+04,7.449130000000000109e+02,1.000000000000000021e-02
1.068400000000000000e+04,6.931980999999999540e+02,1.000000000000000021e-02
1.068500000000000000e+04,6.304323000000000548e+02,0.000000000000000000e+00
1.068700000000000000e+04,5.641932000000000471e+02,1.000000000000000021e-02
1.068800000000000000e+04,8.443662000000000489e+02,2.000000000000000042e-02
1.068900000000000000e+04,6.514017000000000053e+02,0.000000000000000000e+00
1.069100000000000000e+04,7.856174999999999500e+02,1.000000000000000021e-02
1.069200000000000000e+04,6.162975000000000136e+02,0.000000000000000000e+00
1.069300000000000000e+04,5.536598999999999933e+02,0.000000000000000000e+00
1.069400000000000000e+04,7.090452000000000226e+02,0.000000000000000000e+00
1.069600000000000000e+04,7.861182000000000016e+02,1.000000000000000021e-02
1.069700000000000000e+04,6.170493999999999915e+02,0.000000000000000000e+00
1.069800000000000000e+04,5.611068999999999960e+02,0.000000000000000000e+00
1.070000000000000000e+04,1.047603599999999915e+03,0.000000000000000000e+00
1.070100000000000000e+04,5.317346000000000004e+02,0.000000000000000000e+00
1.070200000000000000e+04,6.017346999999999753e+02,0.000000000000000000e+00
1.070300000000000000e+04,9.454169000000000551e+02,2.000000000000000042e-02
1.070400000000000000e+04,6.072396999999999707e+02,0.000000000000000000e+00
1.070500000000000000e+04,7.228551999999999680e+02,1.000000000000000021e-02
1.070600000000000000e+04,6.146592000000000553e+02,1.000000000000000021e-02
1.070700000000000000e+04,5.250813000000000557e+02,1.000000000000000021e-02
1.070900000000000000e+04,6.346689000000000078e+02,0.000000000000000000e+00
1.071000000000000000e+04,7.866218999999999824e+02,1.000000000000000021e-02
1.071100000000000000e+04,5.305720000000000027e+02,0.000000000000000000e+00
1.071200000000000000e+04,5.985531999999999471e+02,0.000000000000000000e+00
1.071300000000000000e+04,5.947179999999999609e+02,0.000000000000000000e+00
1.071500000000000000e+04,7.639915999999999485e+02,2.999999999999999889e-02
1.071600000000000000e+04,6.155471999999999753e+02,0.000000000000000000e+00
1.071700000000000000e+04,7.873117999999999483e+02,2.999999999999999889e-02
1.071800000000000000e+04,7.980431999999999562e+02,2.000000000000000042e-02
1.071900000000000000e+04,7.415946000000000140e+02,0.000000000000000000e+00
1.072000000000000000e+04,6.352237999999999829e+02,0.000000000000000000e+00
1.072100000000000000e+04,5.311455999999999449e+02,0.000000000000000000e+00
1.072300000000000000e+04,7.465407999999999902e+02,1.000000000000000021e-02
1.072400000000000000e+04,6.519741000000000213e+02,0.000000000000000000e+00
1.072500000000000000e+04,6.176046000000000049e+02,0.000000000000000000e+00
1.072700000000000000e+04,9.846337999999999511e+02,2.000000000000000042e-02
1.072800000000000000e+04,1.125436999999999898e+03,2.999999999999999889e-02
1.072900000000000000e+04,6.847200000000000273e+02,0.000000000000000000e+00
1.073000000000000000e+04,8.061776999999999589e+02,1.000000000000000021e-02
1.073100000000000000e+04,8.018414999999999964e+02,1.000000000000000021e-02
1.073200000000000000e+04,7.238673000000000002e+02,1.000000000000000021e-02
1.073300000000000000e+04,8.775018000000000029e+02,4.000000000000000083e-02
1.073500000000000000e+04,9.180797000000000025e+02,1.000000000000000021e-02
1.073600000000000000e+04,6.841652000000000271e+02,0.000000000000000000e+00
1.073800000000000000e+04,1.139868199999999888e+03,2.999999999999999889e-02
1.073900000000000000e+04,1.001574200000000019e+03,2.000000000000000042e-02
1.074000000000000000e+04,1.266408200000000079e+03,0.000000000000000000e+00
1.074100000000000000e+04,1.036333599999999933e+03,2.999999999999999889e-02
1.074200000000000000e+04,1.424332799999999907e+03,0.000000000000000000e+00
1.074300000000000000e+04,1.124862100000000055e+03,2.999999999999999889e-02
1.074400000000000000e+04,6.003319999999999936e+02,0.000000000000000000e+00
1.074500000000000000e+04,1.334735200000000077e+03,1.000000000000000021e-02
1.074600000000000000e+04,7.579731000000000449e+02,2.000000000000000042e-02
1.074700000000000000e+04,7.245248000000000275e+02,0.000000000000000000e+00
1.074800000000000000e+04,5.125112000000000307e+02,0.000000000000000000e+00
1.074900000000000000e+04,6.418831999999999880e+02,0.000000000000000000e+00
1.075000000000000000e+04,5.050276999999999816e+02,0.000000000000000000e+00
1.075200000000000000e+04,6.289633999999999787e+02,0.000000000000000000e+00
1.075300000000000000e+04,1.085874800000000050e+03,1.400000000000000133e-01
1.075400000000000000e+04,1.002284200000000055e+03,4.000000000000000083e-02
1.075500000000000000e+04,6.399869999999999663e+02,0.000000000000000000e+00
1.075600000000000000e+04,8.763153999999999542e+02,7.000000000000000666e-02
1.075700000000000000e+04,6.182038999999999760e+02,0.000000000000000000e+00
1.075800000000000000e+04,8.164325999999999794e+02,1.000000000000000021e-02
1.075900000000000000e+04,5.194520999999999731e+02,0.000000000000000000e+00
1.076000000000000000e+04,5.178017999999999574e+02,0.000000000000000000e+00
1.076200000000000000e+04,1.017972600000000057e+03,8.000000000000000167e-02
1.076300000000000000e+04,7.162798999999999978e+02,1.000000000000000021e-02
1.076400000000000000e+04,8.833819999999999482e+02,2.999999999999999889e-02
1.076500000000000000e+04,8.909794000000000551e+02,2.999999999999999889e-02
1.076600000000000000e+04,8.186805000000000518e+02,2.000000000000000042e-02
1.076700000000000000e+04,7.362677999999999656e+02,1.000000000000000021e-02
1.076800000000000000e+04,8.101024999999999636e+02,2.000000000000000042e-02
1.076900000000000000e+04,9.841308999999999969e+02,2.000000000000000042e-02
1.077000000000000000e+04,6.974909999999999854e+02,1.000000000000000021e-02
1.077100000000000000e+04,7.442541999999999689e+02,2.000000000000000042e-02
1.077200000000000000e+04,6.834692000000000007e+02,0.000000000000000000e+00
1.077300000000000000e+04,5.668875000000000455e+02,1.000000000000000021e-02
1.077400000000000000e+04,5.264133000000000493e+02,1.000000000000000021e-02
1.077600000000000000e+04,6.678709000000000060e+02,0.000000000000000000e+00
1.077700000000000000e+04,7.783333000000000084e+02,2.000000000000000042e-02
1.077800000000000000e+04,8.144796999999999798e+02,2.000000000000000042e-02
1.077900000000000000e+04,7.048957000000000335e+02,1.000000000000000021e-02
1.078000000000000000e+04,7.176368999999999687e+02,1.000000000000000021e-02
1.078100000000000000e+04,1.000881799999999998e+03,2.999999999999999889e-02
1.078200000000000000e+04,7.968677999999999884e+02,2.999999999999999889e-02
1.078300000000000000e+04,5.594070000000000391e+02,0.000000000000000000e+00
1.078400000000000000e+04,5.676979000000000042e+02,0.000000000000000000e+00
1.078600000000000000e+04,1.045357099999999946e+03,4.000000000000000083e-02
1.078700000000000000e+04,6.914693999999999505e+02,0.000000000000000000e+00
1.078800000000000000e+04,1.078463500000000067e+03,2.000000000000000042e-02
1.078900000000000000e+04,6.473682999999999765e+02,0.000000000000000000e+00
1.079000000000000000e+04,8.581136000000000195e+02,0.000000000000000000e+00
1.079100000000000000e+04,1.032811599999999999e+03,2.000000000000000042e-02
1.079200000000000000e+04,6.458356999999999744e+02,0.000000000000000000e+00
1.079300000000000000e+04,6.685376999999999725e+02,0.000000000000000000e+00
1.079400000000000000e+04,9.716195999999999913e+02,2.999999999999999889e-02
1.079500000000000000e+04,7.765637000000000398e+02,2.000000000000000042e-02
1.079600000000000000e+04,1.018546399999999949e+03,8.000000000000000167e-02
1.079700000000000000e+04,6.828278999999999996e+02,1.000000000000000021e-02
1.079800000000000000e+04,8.281231000000000222e+02,1.000000000000000021e-02
1.079900000000000000e+04,8.839186999999999443e+02,2.999999999999999889e-02
1.080100000000000000e+04,9.061173999999999751e+02,1.000000000000000021e-02
1.080200000000000000e+04,1.006346000000000004e+03,0.000000000000000000e+00
1.080300000000000000e+04,6.815969999999999800e+02,0.000000000000000000e+00
1.080400000000000000e+04,1.079242799999999988e+03,4.000000000000000083e-02
1.080500000000000000e+04,7.169107999999999947e+02,0.000000000000000000e+00
1.080600000000000000e+04,7.907138999999999669e+02,2.000000000000000042e-02
1.080700000000000000e+04,8.917480000000000473e+02,2.999999999999999889e-02
1.080800000000000000e+04,6.365592000000000326e+02,0.000000000000000000e+00
1.080900000000000000e+04,6.902498000000000502e+02,1.000000000000000021e-02
1.081000000000000000e+04,7.325239000000000260e+02,2.000000000000000042e-02
1.081100000000000000e+04,5.323007999999999811e+02,0.000000000000000000e+00
1.081200000000000000e+04,7.125286999999999580e+02,0.000000000000000000e+00
1.081300000000000000e+04,5.600395999999999503e+02,0.000000000000000000e+00
1.081500000000000000e+04,7.919781000000000404e+02,2.000000000000000042e-02
1.081600000000000000e+04,1.168415500000000065e+03,1.000000000000000021e-02
1.081700000000000000e+04,6.041425000000000409e+02,0.000000000000000000e+00
1.081800000000000000e+04,1.219248399999999947e+03,2.000000000000000042e-02
1.081900000000000000e+04,9.148129999999999882e+02,2.000000000000000042e-02
1.082000000000000000e+04,1.401997900000000072e+03,2.999999999999999889e-02
1.082100000000000000e+04,1.274453099999999949e+03,1.000000000000000021e-02
1.082200000000000000e+04,1.214272500000000036e+03,2.999999999999999889e-02
1.082300000000000000e+04,5.960811999999999671e+02,0.000000000000000000e+00
1.082400000000000000e+04,8.845936000000000377e+02,4.000000000000000083e-02
1.082500000000000000e+04,1.557443700000000035e+03,0.000000000000000000e+00
1.082600000000000000e+04,1.045929900000000089e+03,2.000000000000000042e-02
1.082700000000000000e+04,6.822165999999999713e+02,1.000000000000000021e-02
1.082900000000000000e+04,7.476307000000000471e+02,1.000000000000000021e-02
1.083000000000000000e+04,6.441507000000000289e+02,0.000000000000000000e+00
1.083100000000000000e+04,9.242790999999999713e+02,1.000000000000000021e-02
1.083200000000000000e+04,8.966515000000000555e+02,0.000000000000000000e+00
1.083300000000000000e+04,7.793319999999999936e+02,1.000000000000000021e-02
1.083400000000000000e+04,1.293444600000000037e+03,1.000000000000000021e-02
1.083500000000000000e+04,9.056135000000000446e+02,1.000000000000000021e-02
1.083600000000000000e+04,8.220969000000000051e+02,0.000000000000000000e+00
1.083700000000000000e+04,7.318929000000000542e+02,1.000000000000000021e-02
1.083800000000000000e+04,6.272961000000000240e+02,0.000000000000000000e+00
1.083900000000000000e+04,6.611874000000000251e+02,0.000000000000000000e+00
1.084000000000000000e+04,6.463641999999999825e+02,0.000000000000000000e+00
1.084200000000000000e+04,9.349362999999999602e+02,1.000000000000000021e-02
1.084300000000000000e+04,7.885293000000000347e+02,2.000000000000000042e-02
1.084400000000000000e+04,8.288680000000000518e+02,2.000000000000000042e-02
1.084500000000000000e+04,9.711156999999999471e+02,2.999999999999999889e-02
1.084600000000000000e+04,8.041547000000000480e+02,1.000000000000000021e-02
1.084700000000000000e+04,1.558001600000000053e+03,0.000000000000000000e+00
1.084800000000000000e+04,6.450493000000000166e+02,0.000000000000000000e+00
1.084900000000000000e+04,7.481729000000000269e+02,1.000000000000000021e-02
1.085000000000000000e+04,7.925457000000000107e+02,2.000000000000000042e-02
1.085100000000000000e+04,5.775602000000000089e+02,1.000000000000000021e-02
1.085200000000000000e+04,7.118736999999999853e+02,1.000000000000000021e-02
1.085300000000000000e+04,5.358665999999999485e+02,0.000000000000000000e+00
1.085400000000000000e+04,6.405282999999999447e+02,1.000000000000000021e-02
1.085600000000000000e+04,9.859673000000000229e+02,1.000000000000000021e-02
1.085700000000000000e+04,6.115637000000000398e+02,0.000000000000000000e+00
1.085800000000000000e+04,7.555141999999999598e+02,0.000000000000000000e+00
1.085900000000000000e+04,7.038715999999999440e+02,1.000000000000000021e-02
1.086000000000000000e+04,7.298493999999999460e+02,2.000000000000000042e-02
1.086100000000000000e+04,7.001992999999999938e+02,1.000000000000000021e-02
1.086200000000000000e+04,8.170443000000000211e+02,2.999999999999999889e-02
1.086300000000000000e+04,6.628043000000000120e+02,0.000000000000000000e+00
1.086400000000000000e+04,5.845198000000000320e+02,0.000000000000000000e+00
1.086600000000000000e+04,6.735298000000000229e+02,1.000000000000000021e-02
1.086700000000000000e+04,1.095795800000000099e+03,1.000000000000000021e-02
1.086800000000000000e+04,6.694275999999999840e+02,0.000000000000000000e+00
1.086900000000000000e+04,6.122956000000000358e+02,0.000000000000000000e+00
1.087000000000000000e+04,6.566970999999999776e+02,0.000000000000000000e+00
1.087100000000000000e+04,6.220383000000000493e+02,0.000000000000000000e+00
1.087200000000000000e+04,6.908976000000000113e+02,0.000000000000000000e+00
1.087300000000000000e+04,7.470435999999999694e+02,1.000000000000000021e-02
1.087400000000000000e+04,7.505072999999999865e+02,0.000000000000000000e+00
1.087500000000000000e+04,6.673005000000000564e+02,1.000000000000000021e-02
1.087600000000000000e+04,6.938269999999999982e+02,1.000000000000000021e-02
1.087700000000000000e+04,5.781719000000000506e+02,0.000000000000000000e+00
1.087900000000000000e+04,6.744596000000000231e+02,1.000000000000000021e-02
1.088000000000000000e+04,8.628488999999999578e+02,4.000000000000000083e-02
1.088100000000000000e+04,1.149796599999999899e+03,7.000000000000000666e-02
1.088200000000000000e+04,1.167809700000000021e+03,5.000000000000000278e-02
1.088300000000000000e+04,8.558881000000000085e+02,0.000000000000000000e+00
1.088400000000000000e+04,6.667578999999999496e+02,0.000000000000000000e+00
1.088500000000000000e+04,1.233022600000000011e+03,1.000000000000000021e-02
1.088600000000000000e+04,8.247089999999999463e+02,0.000000000000000000e+00
1.088700000000000000e+04,7.381077000000000226e+02,1.000000000000000021e-02
1.088800000000000000e+04,1.096360500000000002e+03,1.000000000000000021e-02
1.088900000000000000e+04,5.807197999999999638e+02,0.000000000000000000e+00
1.089000000000000000e+04,7.560960999999999785e+02,1.000000000000000021e-02
1.089100000000000000e+04,8.210126000000000204e+02,2.999999999999999889e-02
1.089200000000000000e+04,5.589049999999999727e+02,0.000000000000000000e+00
1.089400000000000000e+04,8.571294000000000324e+02,0.000000000000000000e+00
1.089500000000000000e+04,8.817734000000000378e+02,7.000000000000000666e-02
1.089600000000000000e+04,8.800657999999999674e+02,2.000000000000000042e-02
1.089700000000000000e+04,8.139494999999999436e+02,2.000000000000000042e-02
1.089800000000000000e+04,1.168997900000000072e+03,2.999999999999999889e-02
1.089900000000000000e+04,1.131746900000000096e+03,2.999999999999999889e-02
1.090000000000000000e+04,7.777741999999999507e+02,1.000000000000000021e-02
1.090100000000000000e+04,7.078034000000000106e+02,0.000000000000000000e+00
1.090200000000000000e+04,8.201616000000000213e+02,2.000000000000000042e-02
1.090300000000000000e+04,1.294163800000000037e+03,1.000000000000000021e-02
1.090400000000000000e+04,8.623486000000000331e+02,4.000000000000000083e-02
1.090500000000000000e+04,8.856051999999999680e+02,4.000000000000000083e-02
1.090600000000000000e+04,5.853759000000000015e+02,0.000000000000000000e+00
1.090700000000000000e+04,7.623160000000000309e+02,1.000000000000000021e-02
1.090900000000000000e+04,7.946997999999999820e+02,1.000000000000000021e-02
1.091000000000000000e+04,8.563905999999999494e+02,0.000000000000000000e+00
1.091100000000000000e+04,6.758632999999999811e+02,1.000000000000000021e-02
1.091200000000000000e+04,7.892032000000000380e+02,4.000000000000000083e-02
1.091300000000000000e+04,6.207023000000000366e+02,1.000000000000000021e-02
1.091400000000000000e+04,7.333871000000000322e+02,2.000000000000000042e-02
1.091500000000000000e+04,6.551975999999999658e+02,2.000000000000000042e-02
1.091600000000000000e+04,5.460416000000000167e+02,0.000000000000000000e+00
1.091800000000000000e+04,7.402954999999999472e+02,2.000000000000000042e-02
1.091900000000000000e+04,1.319868999999999915e+03,2.399999999999999911e-01
1.092000000000000000e+04,1.069732799999999997e+03,1.000000000000000021e-02
1.092100000000000000e+04,6.705286999999999580e+02,1.000000000000000021e-02
1.092200000000000000e+04,1.006904400000000010e+03,0.000000000000000000e+00
1.092300000000000000e+04,6.129102000000000317e+02,0.000000000000000000e+00
1.092400000000000000e+04,5.837577999999999747e+02,1.000000000000000021e-02
1.092500000000000000e+04,7.032738000000000511e+02,1.000000000000000021e-02
1.092600000000000000e+04,5.718428000000000111e+02,1.000000000000000021e-02
1.092700000000000000e+04,6.225390999999999622e+02,0.000000000000000000e+00
1.092800000000000000e+04,8.586826999999999543e+02,1.000000000000000021e-02
1.092900000000000000e+04,7.491113000000000284e+02,1.000000000000000021e-02
1.093000000000000000e+04,7.711843999999999824e+02,0.000000000000000000e+00
1.093200000000000000e+04,9.904041999999999462e+02,2.899999999999999800e-01
1.093300000000000000e+04,8.883373000000000275e+02,2.999999999999999889e-02
1.093400000000000000e+04,9.439424999999999955e+02,2.000000000000000042e-02
1.093500000000000000e+04,1.020543099999999981e+03,1.000000000000000056e-01
1.093600000000000000e+04,8.024480999999999540e+02,1.000000000000000021e-02
1.093700000000000000e+04,7.832285000000000537e+02,2.000000000000000042e-02
1.093800000000000000e+04,5.800007000000000517e+02,0.000000000000000000e+00
1.093900000000000000e+04,7.914193000000000211e+02,5.999999999999999778e-02
1.094000000000000000e+04,7.897861000000000331e+02,8.000000000000000167e-02
1.094100000000000000e+04,6.109941000000000031e+02,0.000000000000000000e+00
1.094200000000000000e+04,5.818775000000000546e+02,0.000000000000000000e+00
1.094300000000000000e+04,5.749652999999999565e+02,1.000000000000000021e-02
1.094400000000000000e+04,5.283913999999999760e+02,0.000000000000000000e+00
1.094600000000000000e+04,7.659090999999999667e+02,2.000000000000000042e-02
1.094700000000000000e+04,5.895895000000000437e+02,0.000000000000000000e+00
1.094800000000000000e+04,1.320872599999999920e+03,2.399999999999999911e-01
1.094900000000000000e+04,6.653545000000000300e+02,0.000000000000000000e+00
1.095000000000000000e+04,5.337363000000000284e+02,0.000000000000000000e+00
1.095100000000000000e+04,6.606785999999999603e+02,1.000000000000000021e-02
1.095200000000000000e+04,7.386548000000000229e+02,0.000000000000000000e+00
1.095300000000000000e+04,6.250641000000000531e+02,0.000000000000000000e+00
1.095400000000000000e+04,7.369864999999999782e+02,1.000000000000000021e-02
1.095500000000000000e+04,5.217116999999999507e+02,0.000000000000000000e+00
1.095600000000000000e+04,7.497430000000000518e+02,1.000000000000000021e-02
1.095700000000000000e+04,5.481390000000000100e+02,0.000000000000000000e+00
1.095900000000000000e+04,8.652356999999999516e+02,5.000000000000000278e-02
1.096000000000000000e+04,7.518537999999999784e+02,0.000000000000000000e+00
1.096100000000000000e+04,9.501394999999999982e+02,1.000000000000000021e-02
1.096200000000000000e+04,8.612862999999999829e+02,7.000000000000000666e-02
1.096300000000000000e+04,5.922164000000000215e+02,0.000000000000000000e+00
1.096400000000000000e+04,5.903398999999999432e+02,0.000000000000000000e+00
1.096500000000000000e+04,9.730126999999999953e+02,7.000000000000000666e-02
1.096600000000000000e+04,7.669781000000000404e+02,1.000000000000000021e-02
1.096700000000000000e+04,1.112730600000000095e+03,4.000000000000000083e-02
1.096800000000000000e+04,5.655806000000000040e+02,0.000000000000000000e+00
1.096900000000000000e+04,5.449844000000000506e+02,0.000000000000000000e+00
1.097000000000000000e+04,6.086865999999999985e+02,0.000000000000000000e+00
1.097100000000000000e+04,6.595234000000000378e+02,0.000000000000000000e+00
1.097200000000000000e+04,5.331285000000000309e+02,0.000000000000000000e+00
1.097400000000000000e+04,7.604083000000000538e+02,2.000000000000000042e-02
1.097500000000000000e+04,9.426385999999999967e+02,1.000000000000000021e-02
1.097600000000000000e+04,8.688608000000000402e+02,1.600000000000000033e-01
1.097700000000000000e+04,8.052653000000000247e+02,2.999999999999999889e-02
1.097800000000000000e+04,8.011106999999999516e+02,1.000000000000000021e-02
1.097900000000000000e+04,1.036888200000000097e+03,2.999999999999999889e-02
1.098000000000000000e+04,6.485222999999999729e+02,0.000000000000000000e+00
1.098100000000000000e+04,8.088110000000000355e+02,1.000000000000000021e-02
1.098200000000000000e+04,6.659921000000000504e+02,0.000000000000000000e+00
1.098300000000000000e+04,7.685620999999999867e+02,1.000000000000000021e-02
1.098400000000000000e+04,6.262957000000000107e+02,0.000000000000000000e+00
1.098600000000000000e+04,6.579469000000000278e+02,0.000000000000000000e+00
1.098700000000000000e+04,1.297348899999999958e+03,1.000000000000000021e-02
1.098800000000000000e+04,5.575569000000000415e+02,0.000000000000000000e+00
1.098900000000000000e+04,9.247826999999999771e+02,2.000000000000000042e-02
1.099000000000000000e+04,6.099586000000000467e+02,0.000000000000000000e+00
1.099100000000000000e+04,8.553302999999999656e+02,1.000000000000000021e-02
1.099200000000000000e+04,9.776638000000000375e+02,2.000000000000000042e-02
1.099300000000000000e+04,9.737658999999999878e+02,5.999999999999999778e-02
1.099400000000000000e+04,1.131176500000000033e+03,8.000000000000000167e-02
1.099500000000000000e+04,7.100457000000000107e+02,1.000000000000000021e-02
1.099600000000000000e+04,8.889077999999999520e+02,2.999999999999999889e-02
1.099700000000000000e+04,9.433386000000000422e+02,1.000000000000000021e-02
1.099800000000000000e+04,8.657906000000000404e+02,4.000000000000000083e-02
1.099900000000000000e+04,5.730797999999999774e+02,0.000000000000000000e+00
